number,name,production_classify,production_number,sequence_aa,CDR1_aa,CDR2_aa,CDR3_aa,FR1_aa,FR2_aa,FR3_aa,FR4_aa,sequence_aa_length,CDR1_aa_length,CDR2_aa_length,CDR3_aa_length,FR1_aa_length,FR2_aa_length,FR3_aa_length,FR4_aa_length
1,202,A,0.023,EVQLVESGGGLVQPGGSLRLSCAASGFTFSDYYMSWVRQAPGQGLEWMGWISPDTGNPTYAQGFTGRFTISRDNSKNTLYLQMNSLRAEDTALYYCARVVTYYYGSGTPSYGMDVWGQGTTVTVSS,GFTFSDYY,ISPDTGNP,ARVVTYYYGSGTPSYGMDV,EVQLVESGGGLVQPGGSLRLSCAAS,MSWVRQAPGQGLEWMGW,TYAQGFTGRFTISRDNSKNTLYLQMNSLRAEDTALYYC,WGQGTTVTVSS,126,8,8,19,25,17,38,11
2,203,A,0.835,EVQLVESGGGVVQPGRSLRLSCAASGFTFSDYYMSWVRQAPGQRLEWMGWINTNTGNPTYAQGFTGRFTISRDNSKNTLYLQMNSLRAEDTAMYYCARGDILTGELDYWGQGTLVTVSS,GFTFSDYY,INTNTGNP,ARGDILTGELDY,EVQLVESGGGVVQPGRSLRLSCAAS,MSWVRQAPGQRLEWMGW,TYAQGFTGRFTISRDNSKNTLYLQMNSLRAEDTAMYYC,WGQGTLVTVSS,119,8,8,12,25,17,38,11
3,3023,A,2.901,EVQLVESGGGLVQPGGSLRLSCAASGITVSANYMSWVRQAPGKALEWIGEINHSGSTNYNPSLKSRVTISRDNSKNTLYLQMNSLRAEDTAIYYCAKNGSSWHSNYYYYGMDVWGQGTTVTVSS,GITVSANY,INHSGST,AKNGSSWHSNYYYYGMDV,EVQLVESGGGLVQPGGSLRLSCAAS,MSWVRQAPGKALEWIGE,NYNPSLKSRVTISRDNSKNTLYLQMNSLRAEDTAIYYC,WGQGTTVTVSS,124,8,7,18,25,17,38,11
4,301,A,1.665,EVQLVESGGGLVRPGGSLRLSCAASGFTFSSYAMSWVRQAPGKALEWIGEINHSGSTNYNPSLKSRVTISRDNSKNTLYLQMNSLRAEDTALYYCAKNPIKKGNYYYYMDVWGKGTTVTVSS ,GFTFSSYA,INHSGST,AKNPIKKGNYYYYMDV,EVQLVESGGGLVRPGGSLRLSCAAS,MSWVRQAPGKALEWIGE,NYNPSLKSRVTISRDNSKNTLYLQMNSLRAEDTALYYC,WGKGTTVTVSS,123,8,7,16,25,17,38,11
5,406,A,2.714,EVQLVESGGGVVQPGRSLRLSCAASGFTFSDYYMSWVRQAPGKALEWMGWINTNTGNPTYAQGFTGRFTISRDNSKNTLYLQMNSLRAEDTAMYYCARGMVDPNSGEYYFDYWGQGTLVTVSS ,GFTFSDYY,INTNTGNP,ARGMVDPNSGEYYFDY,EVQLVESGGGVVQPGRSLRLSCAAS,MSWVRQAPGKALEWMGW,TYAQGFTGRFTISRDNSKNTLYLQMNSLRAEDTAMYYC,WGQGTLVTVSS,124,8,8,16,25,17,38,11
6,407,A,0.881,EVQLVESGGGLVQPGGSLRLSCAASGFTVSSNYMSWVRQAPRKALEWIGEINHSGSTNYNPSLKSRVTISRDNSKNTLYLQMNSLRAEDTATYYCAKIFVWGKGTTVTVSS,GFTVSSNY,INHSGST,AKIFV,EVQLVESGGGLVQPGGSLRLSCAAS,MSWVRQAPRKALEWIGE,NYNPSLKSRVTISRDNSKNTLYLQMNSLRAEDTATYYC,WGKGTTVTVSS,111,8,7,5,25,17,38,11
7,201,B,0,EVQLVESGGGLVQPGGSLRLSCAASGFTFRSYAMSWVRQAPGKALEWMGIIYPGDSDTRYSPSFQGHVTISRDNSKNTLYLQMNSLRAEDTALYYCASQTEGWFGELLRQPFDYWGQGTLVTVSS,GFTFRSYA,IYPGDSDT,ASQTEGWFGELLRQPFDY,EVQLVESGGGLVQPGGSLRLSCAAS,MSWVRQAPGKALEWMGI,RYSPSFQGHVTISRDNSKNTLYLQMNSLRAEDTALYYC,WGQGTLVTVSS,125,8,8,18,25,17,38,11
8,3061,A,0.154,EVQLVESGGGVVQPGRSLRLSCAASGFTFSSYGMSWVRQAPGKALEWVSGISWNSGSIGYADSVKGRFTISRDNSKNTLYLQMNSLRAEDTAVYYCTTDPPRSFQGTLVTVSS ,GFTFSSYG,ISWNSGSI,TTDPPR,EVQLVESGGGVVQPGRSLRLSCAAS,MSWVRQAPGKALEWVSG,GYADSVKGRFTISRDNSKNTLYLQMNSLRAEDTAVYYC,SFQGTLVTVSS,114,8,8,6,25,17,38,11
9,3063,B,0,EVQLVESGGGVVQPGRSLRLSCAASGFTFSDYHMSWVRQAPGKALEWVSVIYSGGSTYYADSVKGRFTISRDNTKNTLYLQMNSLRAEDTAMYYCARDDSSSSSNYYYYGMDVWGQGTTVTVSS,GFTFSDYH,IYSGGST,ARDDSSSSSNYYYYGMDV,EVQLVESGGGVVQPGRSLRLSCAAS,MSWVRQAPGKALEWVSV,YYADSVKGRFTISRDNTKNTLYLQMNSLRAEDTAMYYC,WGQGTTVTVSS,124,8,7,18,25,17,38,11
10,4011,A,1.95,EVQLVESGGGLVQPGGSLRLSCAASGFTVSSNYMSWVRQAPGKALEWIGEINHSGSTNYNPSLKSRVTISRDNSKNTLYLQMNSLRAEDTAVYYCAKIFVWGKGTTVTVSS ,GFTVSSNY,INHSGST,AKIFV,EVQLVESGGGLVQPGGSLRLSCAAS,MSWVRQAPGKALEWIGE,NYNPSLKSRVTISRDNSKNTLYLQMNSLRAEDTAVYYC,WGKGTTVTVSS,112,8,7,5,25,17,38,11
11,4023,A,1.1,EVQLVESGGGVVQPGRSLRLSCAASGFTFSSYGMSWVRQAPGKALEWIGEINHSGSTNYNPSLKSRVTISRDNSKNTLYLQMNSLRAEDTAIYYCARDPEAKYSSSSDYYYYYYMDVWGKGTTVTVSS ,GFTFSSYG,INHSGST,ARDPEAKYSSSSDYYYYYYMDV,EVQLVESGGGVVQPGRSLRLSCAAS,MSWVRQAPGKALEWIGE,NYNPSLKSRVTISRDNSKNTLYLQMNSLRAEDTAIYYC,WGKGTTVTVSS,129,8,7,22,25,17,38,11
12,4081,A,0.78,EVRLVESGGGLVQPGGSLRLSCAASGFTFSSYEMSWVRQAPGQRLEWVGWINPNSGDTNYAQKFQGRVTISRDNSKNTLYLQMNSLRAEDTAVYYCARDYGYAFDIWGQGTMVTVSS ,GFTFSSYE,INPNSGDT,ARDYGYAFDI,EVRLVESGGGLVQPGGSLRLSCAAS,MSWVRQAPGQRLEWVGW,NYAQKFQGRVTISRDNSKNTLYLQMNSLRAEDTAVYYC,WGQGTMVTVSS,118,8,8,10,25,17,38,11
13,P1,A,1.403,EVQLVESGGGLVQPGGSLRLSCAASGFTFSSYAMSWVRQAPGKALEWVSYISSSSSTIYYADSVKGRFTISRDNSKNTLYLQMNSLRAEDTAVYYCERVPDSRDDEDVWGQGTTVTVSS ,GFTFSSYA,ISSSSSTI,ERVPDSRDDEDV,EVQLVESGGGLVQPGGSLRLSCAAS,MSWVRQAPGKALEWVSY,YYADSVKGRFTISRDNSKNTLYLQMNSLRAEDTAVYYC,WGQGTTVTVSS,120,8,8,12,25,17,38,11
14,P2,A,2.488,EVQLVESGGGVVQPGRSLRLSCAASGFTFGDYAMSWVRQAPGKGLEWVGWINPNSGGTNYAQKFQGRVTISRDNSKNTLYLQMNSLRAEDTATYYCASIKYNWNDPYAFDIWGQGTTVTVSS,GFTFGDYA,INPNSGGT,ASIKYNWNDPYAFDI,EVQLVESGGGVVQPGRSLRLSCAAS,MSWVRQAPGKGLEWVGW,NYAQKFQGRVTISRDNSKNTLYLQMNSLRAEDTATYYC,WGQGTTVTVSS,122,8,8,15,25,17,38,11
15,P3,A,1.569,EVQLVESGGGLVQPGGSLRLSCAASGFTVSSNYMSWVRQAPGKGLEWVSYISSSGSSIYYADSVKGRFTISRDNSKNTLYLQMNSLRAEDTAIYYCVRPVAHGEIRDYWGQGTLVTVSS ,GFTVSSNY,ISSSGSSI,VRPVAHGEIRDY,EVQLVESGGGLVQPGGSLRLSCAAS,MSWVRQAPGKGLEWVSY,YYADSVKGRFTISRDNSKNTLYLQMNSLRAEDTAIYYC,WGQGTLVTVSS,120,8,8,12,25,17,38,11
16,P4,A,1.4,EVQLVESGGGLVQPGGSLRLSCAASGFSVSSNYMSWVRQAPGKALEWVALISYDESDKYYADSVKGRFTISRDNSKNTLYLQMNSLRAEDTAVYYCAREKPNCRGDCSDIWGQGTMVTVSS ,GFSVSSNY,ISYDESDK,AREKPNCRGDCSDI,EVQLVESGGGLVQPGGSLRLSCAAS,MSWVRQAPGKALEWVAL,YYADSVKGRFTISRDNSKNTLYLQMNSLRAEDTAVYYC,WGQGTMVTVSS,122,8,8,14,25,17,38,11
17,P5,A,0.198,EVQLVESGGGVVQPGRSLRLSCAASGFTVSNNYMSWVRQAPGKGLEWLGWINTNTGNPTYAQGFTGRFTISRDNSKNTLYLQMNSLRAEDTALYYCAREACTLGTCKFDLWGQGTLVTVSS,GFTVSNNY,INTNTGNP,AREACTLGTCKFDL,EVQLVESGGGVVQPGRSLRLSCAAS,MSWVRQAPGKGLEWLGW,TYAQGFTGRFTISRDNSKNTLYLQMNSLRAEDTALYYC,WGQGTLVTVSS,121,8,8,14,25,17,38,11
18,P6,B,0,EVQLVESGGGLVQPGGSLRLSCAASGFTFSSYGMSWVRQAPGKALEWMGWINTNTGNPTYAQGFTGRFTISRDNSKNTLYLQMNSLRAEDTALYYCARRIFDGYVGFDYWGQGTLVTVSS,GFTFSSYG,INTNTGNP,ARRIFDGYVGFDY,EVQLVESGGGLVQPGGSLRLSCAAS,MSWVRQAPGKALEWMGW,TYAQGFTGRFTISRDNSKNTLYLQMNSLRAEDTALYYC,WGQGTLVTVSS,120,8,8,13,25,17,38,11
19,P7,B,0,EVQLVESGGGVVQPGRSLRLPCAASGFTFSNAWMSWVRQAPWKALEWMGWINTNTGNPTYAQGFTGRFTISRDNSKNTLYLQMNSLRAEDTAVYYCTTEGDRRYFDNYYFDYWGQGTLVTVSS ,GFTFSNAW,INTNTGNP,TTEGDRRYFDNYYFDY,EVQLVESGGGVVQPGRSLRLPCAAS,MSWVRQAPWKALEWMGW,TYAQGFTGRFTISRDNSKNTLYLQMNSLRAEDTAVYYC,WGQGTLVTVSS,124,8,8,16,25,17,38,11
20,P8,B,0,EVQLVESGGGLVQPGGSLRLSCAASGFTVSSNYMSWVRQAPRKALEWMGWINTNTGNPTYAQGFTGRFTISRDNSKNTLYLQMDSLRAEDTAVYYCAALPLYCSSTSCYFDYWGQGTLVTVSS ,GFTVSSNY,INTNTGNP,AALPLYCSSTSCYFDY,EVQLVESGGGLVQPGGSLRLSCAAS,MSWVRQAPRKALEWMGW,TYAQGFTGRFTISRDNSKNTLYLQMDSLRAEDTAVYYC,WGQGTLVTVSS,124,8,8,16,25,17,38,11
21,P9,A,1.4,EVQLVESGGGVVQPGRSLRLSCAASGFTFGDYAMSWVRQAPGKALEWVANIKQDGSEKYYVDSVKGRFTISRDNSKNTLYLQMNSLRAEDTATYYCARTWYYSHSSAYPPDYWGQGTLVTVSS,GFTFGDYA,IKQDGSEK,ARTWYYSHSSAYPPDY,EVQLVESGGGVVQPGRSLRLSCAAS,MSWVRQAPGKALEWVAN,YYVDSVKGRFTISRDNSKNTLYLQMNSLRAEDTATYYC,WGQGTLVTVSS,123,8,8,16,25,17,38,11
22,P10,B,0,EVQLVESGGGVVQPGRSLRLSCAASGFTFSSYAMSWVRQAPRQRLEWMGWINTNTGNPTYAQGFTGRFTISRDNSKNTLYLQMNSLRAEDTALYYCAREEQQGGFDYWGQGTLVTVSS ,GFTFSSYA,INTNTGNP,AREEQQGGFDY,EVQLVESGGGVVQPGRSLRLSCAAS,MSWVRQAPRQRLEWMGW,TYAQGFTGRFTISRDNSKNTLYLQMNSLRAEDTALYYC,WGQGTLVTVSS,119,8,8,11,25,17,38,11
23,P11,B,0,EVQLVESGGGVVQPGRSLRLSCAASGFTFSNAWMSWVRQAPGKALEWMGWINTNTGNPTYAQGFTGRFTISRDNSKNTLYLQMNSLRAEDTAVYYCAKEGVPAARGAFDIWGQGTMATVSS ,GFTFSNAW,INTNTGNP,AKEGVPAARGAFDI,EVQLVESGGGVVQPGRSLRLSCAAS,MSWVRQAPGKALEWMGW,TYAQGFTGRFTISRDNSKNTLYLQMNSLRAEDTAVYYC,WGQGTMATVSS,122,8,8,14,25,17,38,11
24,P12,B,0,EVQLVESGGGLVQPGGSLRLSCAASGFTFSSYSMSWVRQAPRQGLEWMGWINTNTGNPTYAQGFTGRFTISRDNSKNTLYLQMNSLRAEDTAIYYCARDRYCSGGSCYSRWFDPWGQGTLVTVSS,GFTFSSYS,INTNTGNP,ARDRYCSGGSCYSRWFDP,EVQLVESGGGLVQPGGSLRLSCAAS,MSWVRQAPRQGLEWMGW,TYAQGFTGRFTISRDNSKNTLYLQMNSLRAEDTAIYYC,WGQGTLVTVSS,125,8,8,18,25,17,38,11
25,P13,A,0.2198,EVQLVESGGGLVQPGGSLRLSCAASGVTFSSYRMSWVRQAPGKALEWMGWIDSNTGNPTYVQGFTGRFTISRDNSKNTLYLQMNSLRAEDTAVYYCASGPGAFDIWGQGTMVTVSS,GVTFSSYR,IDSNTGNP,ASGPGAFDI,EVQLVESGGGLVQPGGSLRLSCAAS,MSWVRQAPGKALEWMGW,TYVQGFTGRFTISRDNSKNTLYLQMNSLRAEDTAVYYC,WGQGTMVTVSS,116,8,8,9,25,17,38,11
26,P14,B,0,EVQLVESGGGLVQPGGSLRLSCAASGFTFSSYGMSWVRQAPRKTLEWMGIIYPGDSDTRYSPSFQGQVTISRDNSKNTLYLQMNSLRAEDTAVYYCARGPKYSSSWYPTYYYGMDVWGQGTTVTVSS ,GFTFSSYG,IYPGDSDT,ARGPKYSSSWYPTYYYGMDV,EVQLVESGGGLVQPGGSLRLSCAAS,MSWVRQAPRKTLEWMGI,RYSPSFQGQVTISRDNSKNTLYLQMNSLRAEDTAVYYC,WGQGTTVTVSS,128,8,8,20,25,17,38,11
27,P15,B,0,EVQLVESGGGVVQPGRSLRLSCAASGFTFSSYAMSWVRQAPGKALEWIGSIYYSGSTYYNPSLKSLVTISRDNSKNTLYLQMNSLRAEDTALYYCARGAREWYGKLFYYDFWGQGTLVTVSS,GFTFSSYA,IYYSGST,ARGAREWYGKLFYYDF,EVQLVESGGGVVQPGRSLRLSCAAS,MSWVRQAPGKALEWIGS,YYNPSLKSLVTISRDNSKNTLYLQMNSLRAEDTALYYC,WGQGTLVTVSS,122,8,7,16,25,17,38,11
28,P16,B,0,EVQLVESGGGLVQPGGSLRLSCAASGFTFSSYAMSWVRQAPRKGLEWMGIIYPDDSDTRYSPSFQGHVTISRDNTKNTLYLQMNSLRAEDTALYYCARLPYYDILTGTTYYFDYWGQGTPVTVSS,GFTFSSYA,IYPDDSDT,ARLPYYDILTGTTYYFDY,EVQLVESGGGLVQPGGSLRLSCAAS,MSWVRQAPRKGLEWMGI,RYSPSFQGHVTISRDNTKNTLYLQMNSLRAEDTALYYC,WGQGTPVTVSS,125,8,8,18,25,17,38,11
29,P17,B,0,EVQLVESGGGLVQPGGSLGLSCAASGFTVSSNYMSWVRQLQGKGLEWMGWINTNTGNPTYAQGFTGRFTISRDNSKNTLYLQMNSLRAEDTALYYCAKDIHLSSGWAYYYYGMDVWGQGTTVTVSS,GFTVSSNY,INTNTGNP,AKDIHLSSGWAYYYYGMDV,EVQLVESGGGLVQPGGSLGLSCAAS,MSWVRQLQGKGLEWMGW,TYAQGFTGRFTISRDNSKNTLYLQMNSLRAEDTALYYC,WGQGTTVTVSS,126,8,8,19,25,17,38,11
30,P18,B,0,EVQLVESGGGVVQPGRSLRLSCAASGFTFSSYWMSWVRQAPGKGLEWMGWINTNTGNPTYAQGFTGRFTISRDNSKNTLYLQMNSLRAEDTALYYCAKRFGELSLYGMDVWGQGTTVTVSS,GFTFSSYW,INTNTGNP,AKRFGELSLYGMDV,EVQLVESGGGVVQPGRSLRLSCAAS,MSWVRQAPGKGLEWMGW,TYAQGFTGRFTISRDNSKNTLYLQMNSLRAEDTALYYC,WGQGTTVTVSS,121,8,8,14,25,17,38,11
31,P19,B,0,EVQLVESGGGVVQPGRSLRLSCAASGFTFSSYAMSWVRQAPGQRLEWMGWINTNTGNPAYAQGFTGRFTISRDNSKNTPYLQMNSLRAEDTAVYYCAKVGFWSNPQPFDYWGQGTLVTVSS,GFTFSSYA,INTNTGNP,AKVGFWSNPQPFDY,EVQLVESGGGVVQPGRSLRLSCAAS,MSWVRQAPGQRLEWMGW,AYAQGFTGRFTISRDNSKNTPYLQMNSLRAEDTAVYYC,WGQGTLVTVSS,121,8,8,14,25,17,38,11
32,P20,B,0,EVQLVESGGGVVQPGRSLRLSCAASGFSVSNNYMSWVRQAPGKALEWMGWINTNTGNPTYAQGFTGRFTISRDNSKNTLYLQMNSLRAEDTAMYYCAREGGAAGNWYYDLWGRGTLVTVSS,GFSVSNNY,INTNTGNP,AREGGAAGNWYYDL,EVQLVESGGGVVQPGRSLRLSCAAS,MSWVRQAPGKALEWMGW,TYAQGFTGRFTISRDNSKNTLYLQMNSLRAEDTAMYYC,WGRGTLVTVSS,121,8,8,14,25,17,38,11
33,P21,A,0.043,EVQLVESGGGLVQPGGSLRLSCAASGFSVSNSYMSWVRQAPGKALEWMGWINTNTGSPTYAQGFTGRFTISRDNSKNALYLQMNSLRAEDTAMYYCARELGVAGTWYFDLWGRGTLVTVSS,GFSVSNSY,INTNTGSP,ARELGVAGTWYFDL,EVQLVESGGGLVQPGGSLRLSCAAS,MSWVRQAPGKALEWMGW,TYAQGFTGRFTISRDNSKNALYLQMNSLRAEDTAMYYC,WGRGTLVTVSS,121,8,8,14,25,17,38,11
34,C8,A,0.7175,EVQLVESGGGLVQPGGSLRLSCAASGFTVSSNYMSWVRQAPGQRLEWMGIINPSGGSTSYAQKFQGRVTISRDNSKNTLYLQMNSLRAEDTAVYYCAKGEKAASGYYFDYWGQGTLVTVSS,GFTVSSNY,INPSGGST,AKGEKAASGYYFDY,EVQLVESGGGLVQPGGSLRLSCAAS,MSWVRQAPGQRLEWMGI,SYAQKFQGRVTISRDNSKNTLYLQMNSLRAEDTAVYYC,WGQGTLVTVSS,121,8,8,14,25,17,38,11
35,R5,A,1.2579,EVQLVESGGGLVQPGGSLRLSCAASGFTVSSNYMSWVRQAPGQGLEWVGIINPSGGSTSYADSVKGRFTISRDNSKNTLYLQMNSLRAEDTAVYYCAKGRKYSSGWRFDYWGQGTLVTVSS ,GFTVSSNY,INPSGGST,AKGRKYSSGWRFDY,EVQLVESGGGLVQPGGSLRLSCAAS,MSWVRQAPGQGLEWVGI,SYADSVKGRFTISRDNSKNTLYLQMNSLRAEDTAVYYC,WGQGTLVTVSS,122,8,8,14,25,17,38,11
36,n501,A,0.6034,EVQLVESGGGLVQPGGSLRLSCAASDFTFRSYEMSWVRQAPGKGLEWVSAISGSGGSTYYADSVKGRFTISRDNSKNTLYLQMNSLRAEDTAIYYCARLRDGFNKGFDYWGQGTLVTVSS,DFTFRSYE,ISGSGGST,ARLRDGFNKGFDY,EVQLVESGGGLVQPGGSLRLSCAAS,MSWVRQAPGKGLEWVSA,YYADSVKGRFTISRDNSKNTLYLQMNSLRAEDTAIYYC,WGQGTLVTVSS,120,8,8,13,25,17,38,11
37,B9,A,0.562,EVQLVESGGGLVQPGGSLRLSCAASGFTFGDYAMSWVRQAPRKGLEWIGEINHSGSTNYNPSLKSRVTISRDNSKNTLYLQMNSLRAEDTATYYCARVATAGYWGQGTLVIVSS,GFTFGDYA,INHSGST,ARVATAGY,EVQLVESGGGLVQPGGSLRLSCAAS,MSWVRQAPRKGLEWIGE,NYNPSLKSRVTISRDNSKNTLYLQMNSLRAEDTATYYC,WGQGTLVIVSS,114,8,7,8,25,17,38,11
38,L1,B,0,EVQLVESGGGLVQPGGSLRLSCAASGFTFSSYGMSWVRQAPGKGLEWMGWINTNTGNPTYAQGFTGRFTISRDNSKNTLYLQMNSLRAEDTATYYCARQGGMDVWGQGTTVTVSS,GFTFSSYG,INTNTGNP,ARQGGMDV,EVQLVESGGGLVQPGGSLRLSCAAS,MSWVRQAPGKGLEWMGW,TYAQGFTGRFTISRDNSKNTLYLQMNSLRAEDTATYYC,WGQGTTVTVSS,115,8,8,8,25,17,38,11
39,L2,B,0,EVQLVESGGGLVQPGGSPRLSCAASGFTFSSYAMSWVRQAPGQGLEWLGWINTNTGNPTYAQGFTGRFTISRDNSKNTLYLQMNSLRAEDTAIYYCARPHYYDDDAFDIWGQGTMVTVSS,GFTFSSYA,INTNTGNP,ARPHYYDDDAFDI,EVQLVESGGGLVQPGGSPRLSCAAS,MSWVRQAPGQGLEWLGW,TYAQGFTGRFTISRDNSKNTLYLQMNSLRAEDTAIYYC,WGQGTMVTVSS,120,8,8,13,25,17,38,11
40,L6,B,0,EVQLVESGGGLVQPGGSLRLSCAASGFTFSSYGMSWVRQAPRQGLEWMGWINTNTGNPTYAQGFTGRFTISRDNSKNTLYLQMNSLRAEDTAVYYCASGAYWGQGTLVTVSS,GFTFSSYG,INTNTGNP,ASGAY,EVQLVESGGGLVQPGGSLRLSCAAS,MSWVRQAPRQGLEWMGW,TYAQGFTGRFTISRDNSKNTLYLQMNSLRAEDTAVYYC,WGQGTLVTVSS,112,8,8,5,25,17,38,11
41,L7,B,0,EVQLVESGGGVVQPGRSLRLSCAASGFTFSSYAMSWVRQAPRQRLEWMGWINTNTGNPTYAQGFTGRFTISRDNSKNTLYLQMNSLRAEDTAVYYCARGNFGPRCAFDIWGQGTTVTVSS,GFTFSSYA,INTNTGNP,ARGNFGPRCAFDI,EVQLVESGGGVVQPGRSLRLSCAAS,MSWVRQAPRQRLEWMGW,TYAQGFTGRFTISRDNSKNTLYLQMNSLRAEDTAVYYC,WGQGTTVTVSS,120,8,8,13,25,17,38,11
42,L14,B,0,EVQLVESGGGLVQPGGSLRLSCAASGFTFSSYSMSWVRQAPGQGLEWMGIIYPGDSDTRYSPSFQGHVTISRDNSKNTLYLQMNSLRAEDTALYYCARDVSIISAYGMDVWGQGTTVTVSS,GFTFSSYS,IYPGDSDT,ARDVSIISAYGMDV,EVQLVESGGGLVQPGGSLRLSCAAS,MSWVRQAPGQGLEWMGI,RYSPSFQGHVTISRDNSKNTLYLQMNSLRAEDTALYYC,WGQGTTVTVSS,121,8,8,14,25,17,38,11
43,L15,B,0,EVQLVESGGGLVQPGGSLRLSCAASGFTFSDYYMSWVRQAPGKGLEWIGYIYYSGSTNYKPSLKSLVTISRDNSKNTLYLQMNSLRAEDTAIYYCATGLAGYLYGYDSWGQGTLVTVSS,GFTFSDYY,IYYSGST,ATGLAGYLYGYDS,EVQLVESGGGLVQPGGSLRLSCAAS,MSWVRQAPGKGLEWIGY,NYKPSLKSLVTISRDNSKNTLYLQMNSLRAEDTAIYYC,WGQGTLVTVSS,119,8,7,13,25,17,38,11
44,L16,B,0,EVQLVESGGGLVQPGGSLRLSCAASGFTFSSYSMSWVRQAPRQGLEWMEWINTNTGNPTYAQGFTGRFTISRDNSKNTLYLQMNSLRAEDTALYYCARDEAPPGHGMDVWGQGTMVTVSS ,GFTFSSYS,INTNTGNP,ARDEAPPGHGMDV,EVQLVESGGGLVQPGGSLRLSCAAS,MSWVRQAPRQGLEWMEW,TYAQGFTGRFTISRDNSKNTLYLQMNSLRAEDTALYYC,WGQGTMVTVSS,121,8,8,13,25,17,38,11
45,L19,B,0,EVQLVESGGGLVQPGGSLRLSCAASGFTFDDYGMSWVRQAPGKALEWMGWINTNTGNPTYAQGFTGRFTISRDNSKNTLYLQMNSLRAEDTAVYYCAIWNGRDSWGQGTLVTVSS ,GFTFDDYG,INTNTGNP,AIWNGRDS,EVQLVESGGGLVQPGGSLRLSCAAS,MSWVRQAPGKALEWMGW,TYAQGFTGRFTISRDNSKNTLYLQMNSLRAEDTAVYYC,WGQGTLVTVSS,116,8,8,8,25,17,38,11
46,L20,B,0,EVQLVESGGGLVQPGGSLRLSCAASGFTFSSYAMSWVRQAPRKALEWIGWIVVDSGNTNYAQKFQERVTISRDNSKNTLYLQMNSLRAEDTATYYCAGEDYDSSGYDAFDIWGQGTMVTVSS,GFTFSSYA,IVVDSGNT,AGEDYDSSGYDAFDI,EVQLVESGGGLVQPGGSLRLSCAAS,MSWVRQAPRKALEWIGW,NYAQKFQERVTISRDNSKNTLYLQMNSLRAEDTATYYC,WGQGTMVTVSS,122,8,8,15,25,17,38,11
47,L22,B,0,EVQLVESGGGLVQPGGSLRLSCAASGFTFSSYAMSWVRQAPRKGLEWIGEINHSGSTNYNPSLKSLVTISRDNSKNTLYLQMNSLRAEDTAVYYCANLGGDVVIPAAMNRGYYGMDVWGQGTTVTVSS ,GFTFSSYA,INHSGST,ANLGGDVVIPAAMNRGYYGMDV,EVQLVESGGGLVQPGGSLRLSCAAS,MSWVRQAPRKGLEWIGE,NYNPSLKSLVTISRDNSKNTLYLQMNSLRAEDTAVYYC,WGQGTTVTVSS,129,8,7,22,25,17,38,11
48,L23,B,0,EVQLVESGGGLVQPGGSLRLSCAASGFSFSSYSMSWVRQAPGKGLEWMGWINTNTGNPTYAQGFTGRFTISRDNSKNTLYLQMNSLRAEDTAVYYCAKAVDTISPYGMHVWGQGTTVTVSS,GFSFSSYS,INTNTGNP,AKAVDTISPYGMHV,EVQLVESGGGLVQPGGSLRLSCAAS,MSWVRQAPGKGLEWMGW,TYAQGFTGRFTISRDNSKNTLYLQMNSLRAEDTAVYYC,WGQGTTVTVSS,121,8,8,14,25,17,38,11
49,L24,B,0,EVQLVESGGGVVQPGRSLRLSCAASGFTFSSYSMSWVRQAPGKGLEWMGWINTNTGNPTYAQGFTGRFTISRDNSKNTLYLQMNSLRAEDTALYYCARDVSFDYWGRGTLVTVSS ,GFTFSSYS,INTNTGNP,ARDVSFDY,EVQLVESGGGVVQPGRSLRLSCAAS,MSWVRQAPGKGLEWMGW,TYAQGFTGRFTISRDNSKNTLYLQMNSLRAEDTALYYC,WGRGTLVTVSS,116,8,8,8,25,17,38,11
50,L25,B,0,EVQLVESGGGVVQPGRSLRLSCAASDFTFSSYAMSWVRQAPGKALEWMGWINTNTGNPTYAQGFTGRFTISRDNSKNTLYLQMNSLRAEDTAMYYCAKDVEEDTVTTLFDYWGQGTLVTVSS ,DFTFSSYA,INTNTGNP,AKDVEEDTVTTLFDY,EVQLVESGGGVVQPGRSLRLSCAAS,MSWVRQAPGKALEWMGW,TYAQGFTGRFTISRDNSKNTLYLQMNSLRAEDTAMYYC,WGQGTLVTVSS,123,8,8,15,25,17,38,11
51,L28,B,0,EVQLVESGGGLVQPGGSLRLSCAASGFTFSSYEMSWVRQAPRKALEWMGIIYPGDSDTRYSPSFQGHVTISRDNSKNTLYLQMNSLRAEDTALYYCARGIDYGMDVWGQGTTVTVSS ,GFTFSSYE,IYPGDSDT,ARGIDYGMDV,EVQLVESGGGLVQPGGSLRLSCAAS,MSWVRQAPRKALEWMGI,RYSPSFQGHVTISRDNSKNTLYLQMNSLRAEDTALYYC,WGQGTTVTVSS,118,8,8,10,25,17,38,11
52,L32,B,0,EVQLVESGGGLVQPGGSLRLSCAASGFTFSSYSMSWVRQAPWKGLEWMGIIYPGDSDTRYSPSFQGQVTISRDNSKNTLYLQMNSLRAEDTAVYYCARGGSSDYYFNAFDIWGQGTMVTISS ,GFTFSSYS,IYPGDSDT,ARGGSSDYYFNAFDI,EVQLVESGGGLVQPGGSLRLSCAAS,MSWVRQAPWKGLEWMGI,RYSPSFQGQVTISRDNSKNTLYLQMNSLRAEDTAVYYC,WGQGTMVTISS,123,8,8,15,25,17,38,11
53,L37,A,0.01,EVQLVESGGGLVQPGGSLRLSCAASGFTFSDYYMSWVRQAPRKALEWMGIIYPGDSDTRYSPSFQGHVTISRDNSKNTLYLQMNSLRAEDTAVYYCARGSGSYKGPILFDYWGQGTPVTVSS,GFTFSDYY,IYPGDSDT,ARGSGSYKGPILFDY,EVQLVESGGGLVQPGGSLRLSCAAS,MSWVRQAPRKALEWMGI,RYSPSFQGHVTISRDNSKNTLYLQMNSLRAEDTAVYYC,WGQGTPVTVSS,122,8,8,15,25,17,38,11
54,L38,A,2.0125,EVQLVESGGGLVQPGGSLRLSCAASGFTFSSYAMSWVRQAPGKGLEWVAVISYDGSNKYYADSVKGRFTISRDNSKNTLYLQMNSLRAEDTATYYCAREPHRASSYYYYGMDVWGQGTTVTVSS,GFTFSSYA,ISYDGSNK,AREPHRASSYYYYGMDV,EVQLVESGGGLVQPGGSLRLSCAAS,MSWVRQAPGKGLEWVAV,YYADSVKGRFTISRDNSKNTLYLQMNSLRAEDTATYYC,WGQGTTVTVSS,124,8,8,17,25,17,38,11
55,L39,B,0,EVQLVESGGGVVQPGRSLRLSCAASGFTVSSNYMSWVRQAPRQRLEWMGWINTNTGNPTYAQGFTGRFTISRDNSKNTLYLQMNSLRAEDTAVYYCATDLNWDGGWGQGTLVTVSS,GFTVSSNY,INTNTGNP,ATDLNWDGG,EVQLVESGGGVVQPGRSLRLSCAAS,MSWVRQAPRQRLEWMGW,TYAQGFTGRFTISRDNSKNTLYLQMNSLRAEDTAVYYC,WGQGTLVTVSS,116,8,8,9,25,17,38,11
56,L45,B,0,EVQLVESGGGLVQPGGSLRLSCAASGFTVSSNYMSWVRQAPRKALEWIGEINHSGSTNYNPSLKSLVTISRDNSKNTLYLQMNSLRAGDTAVYYCARSGVWFGVKGSMDVWGQGTTVTVSS,GFTVSSNY,INHSGST,ARSGVWFGVKGSMDV,EVQLVESGGGLVQPGGSLRLSCAAS,MSWVRQAPRKALEWIGE,NYNPSLKSLVTISRDNSKNTLYLQMNSLRAGDTAVYYC,WGQGTTVTVSS,121,8,7,15,25,17,38,11
57,L50,B,0,EVQLVESGGGVVQPGRSLRLSCAASGFTFSDQYMSWVRQAPRKALEWMGWINTNTENPTYAQGFTGRFTISRDNSKNTLYLQMNSLRAEDTALYYCATDRRVVVITTSYAFDIWGQGTMVTVSS,GFTFSDQY,INTNTENP,ATDRRVVVITTSYAFDI,EVQLVESGGGVVQPGRSLRLSCAAS,MSWVRQAPRKALEWMGW,TYAQGFTGRFTISRDNSKNTLYLQMNSLRAEDTALYYC,WGQGTMVTVSS,124,8,8,17,25,17,38,11
58,L57,A,0.1323,EVQLVESGGGLVQPGGSLRLSCAASGFTFSSYEMSWVRQAPGKGLEWVSYITSSSSYIYYADSVKGRFTISRDNTKNTLYLQMNSLRAEDTAVYYCARHPGDYGGNSPLDYWGQGTLVTVSS,GFTFSSYE,ITSSSSYI,ARHPGDYGGNSPLDY,EVQLVESGGGLVQPGGSLRLSCAAS,MSWVRQAPGKGLEWVSY,YYADSVKGRFTISRDNTKNTLYLQMNSLRAEDTAVYYC,WGQGTLVTVSS,122,8,8,15,25,17,38,11
59,L61,B,0,EVQLVESGGGLVQPGGSLRLSCAASGFTFSDYYMSWVRQAPGQGLEWMGIIYPGDSDTRYSPSFQGHVTISRDNSKNTLYLQMNSLRAEDTAVYYCTTFRGWGYFDSWGQGTLVTVSS,GFTFSDYY,IYPGDSDT,TTFRGWGYFDS,EVQLVESGGGLVQPGGSLRLSCAAS,MSWVRQAPGQGLEWMGI,RYSPSFQGHVTISRDNSKNTLYLQMNSLRAEDTAVYYC,WGQGTLVTVSS,118,8,8,11,25,17,38,11
60,L70,A,0.2165,EVQLVESGGGLVQPGRSLRLSCAASGFIFSTYGMSWVPQAPGKALEWVSAFIGSGGRTFYADSVKGRFTISRDNSKNTLYLQMNSLRAEDTAMYYCARLTSAAYYDSSSYWGQGTLVTVSS,GFIFSTYG,FIGSGGRT,ARLTSAAYYDSSSY,EVQLVESGGGLVQPGRSLRLSCAAS,MSWVPQAPGKALEWVSA,FYADSVKGRFTISRDNSKNTLYLQMNSLRAEDTAMYYC,WGQGTLVTVSS,121,8,8,14,25,17,38,11
61,L72,B,0,EVQLVESGGGLVQPGGSLRLSCAASGFTFSSYAMSWVRQAPGKGLEWIGYIYYSGSTKYNPSLKSLVTISRDNSKNTLYLQMNSLRAEDTAMYYCARVGYVWIAWGCGMDVWGQGTTVTVSS,GFTFSSYA,IYYSGST,ARVGYVWIAWGCGMDV,EVQLVESGGGLVQPGGSLRLSCAAS,MSWVRQAPGKGLEWIGY,KYNPSLKSLVTISRDNSKNTLYLQMNSLRAEDTAMYYC,WGQGTTVTVSS,122,8,7,16,25,17,38,11
62,L73,B,0,EVQLVESGGGLVQPGGSLRLSCAASGFTFSSYSMSWVRQAPRKGLEWMGIIYPGDSDTRYSPSFQGHVTTSRDNSKNTLYLQMNSLRAEDAAIYYCAKSSGYDSLGSDWFDPWGQGTLVTVSS ,GFTFSSYS,IYPGDSDT,AKSSGYDSLGSDWFDP,EVQLVESGGGLVQPGGSLRLSCAAS,MSWVRQAPRKGLEWMGI,RYSPSFQGHVTTSRDNSKNTLYLQMNSLRAEDAAIYYC,WGQGTLVTVSS,124,8,8,16,25,17,38,11
63,L77,B,0,EVQLVESGGGLVQPGGSLRLSCAASGFTVSSNYMSWVRQAPWKGLEWMGWINTSTGNPTYAQGFTGRFTISRDNSKNTLYLQMNSLRAEDAAVYYCGSGKGGMDVWGQGTTVTVSS ,GFTVSSNY,INTSTGNP,GSGKGGMDV,EVQLVESGGGLVQPGGSLRLSCAAS,MSWVRQAPWKGLEWMGW,TYAQGFTGRFTISRDNSKNTLYLQMNSLRAEDAAVYYC,WGQGTTVTVSS,117,8,8,9,25,17,38,11
64,L85,B,0,EVQLVESGGGVVQPGRSLRLSCAASGFTFSDYYMSWVRQAPGQGLEWMGWINTNTGNPTYDQGFTGRFTISRDNSKNTLYLQMNSLRAEDTATYYCARDEGRHIVVVTADDAFDIWGQGTMVTVSS ,GFTFSDYY,INTNTGNP,ARDEGRHIVVVTADDAFDI,EVQLVESGGGVVQPGRSLRLSCAAS,MSWVRQAPGQGLEWMGW,TYDQGFTGRFTISRDNSKNTLYLQMNSLRAEDTATYYC,WGQGTMVTVSS,127,8,8,19,25,17,38,11
65,L86,B,0,EVQLVESGGGLVQPGGSLRLSCAASGFTFSGYYMSWVRQAPGQGLEWMGGINTNTGNPTYAQGFTGRFTISRDNTKNTLYLQMNSLRAEDTAMYYCAKDIAYYYDRSYFDYWGQGTLVTVSS,GFTFSGYY,INTNTGNP,AKDIAYYYDRSYFDY,EVQLVESGGGLVQPGGSLRLSCAAS,MSWVRQAPGQGLEWMGG,TYAQGFTGRFTISRDNTKNTLYLQMNSLRAEDTAMYYC,WGQGTLVTVSS,122,8,8,15,25,17,38,11
66,L88,B,0,EVQLVESGGGLVQPGGSLRLSCAASGFTVSSYYMSWVRQAPRQGLEWIGEINHSGSTNYNPSLKSRVIISRDNSKNTLYLQMNSLRAEDTAVYYCARDLYYYGSGGMDVWGQGTTVTVSS,GFTVSSYY,INHSGST,ARDLYYYGSGGMDV,EVQLVESGGGLVQPGGSLRLSCAAS,MSWVRQAPRQGLEWIGE,NYNPSLKSRVIISRDNSKNTLYLQMNSLRAEDTAVYYC,WGQGTTVTVSS,120,8,7,14,25,17,38,11
67,L91,B,0,EVQLVESGGGVVQPGRSLRLSCAASGFTFSSYAMSWVRQAPRQRLEWIGSIYYSGSTYYNPSLKSLVTISRDNSKNTLYLQMNSLRAEDTAMYYCARGQCCLEFDGFDIWGQGTMVTVSS,GFTFSSYA,IYYSGST,ARGQCCLEFDGFDI,EVQLVESGGGVVQPGRSLRLSCAAS,MSWVRQAPRQRLEWIGS,YYNPSLKSLVTISRDNSKNTLYLQMNSLRAEDTAMYYC,WGQGTMVTVSS,120,8,7,14,25,17,38,11
68,L93,A,0.7931,EVQLVESGGGLVQPGGSLRLSCAASGFTFSSYSMSWVRQAPGKALEWVGWINPNSGNPTYAQGFTGRFTISRDNSKNTLYLQMNSLRADDTAIYYCARVRGYNYGYPDFWGQGTLVTVSS,GFTFSSYS,INPNSGNP,ARVRGYNYGYPDF,EVQLVESGGGLVQPGGSLRLSCAAS,MSWVRQAPGKALEWVGW,TYAQGFTGRFTISRDNSKNTLYLQMNSLRADDTAIYYC,WGQGTLVTVSS,120,8,8,13,25,17,38,11
69,L116,B,0,EVQLVESGGGLVQSGGSLRLSCAASGFTFSNACMSWVRQAPGKALEWMGIIYPGDSDTRYSPSFQGHVTISRDNSKNTLYLQMNSLRAEDTAVYYCGRGSATSDAFDIWGQGTMVTVSS,GFTFSNAC,IYPGDSDT,GRGSATSDAFDI,EVQLVESGGGLVQSGGSLRLSCAAS,MSWVRQAPGKALEWMGI,RYSPSFQGHVTISRDNSKNTLYLQMNSLRAEDTAVYYC,WGQGTMVTVSS,119,8,8,12,25,17,38,11
70,L125,B,0,EVQLVESGGGLVQPGGSLRLSCAASGLTFSSCAMSWVRQAPRQRLEWIGSIYYSGSTYNNPSLKSRVTISRDNTKNTLYLQMNSLRAEDTALYYCARVYSSGWYRGSGAFDIWGQGTMVTVSS ,GLTFSSCA,IYYSGST,ARVYSSGWYRGSGAFDI,EVQLVESGGGLVQPGGSLRLSCAAS,MSWVRQAPRQRLEWIGS,YNNPSLKSRVTISRDNTKNTLYLQMNSLRAEDTALYYC,WGQGTMVTVSS,124,8,7,17,25,17,38,11
71,L133,A,0.2205,EVQLVESGGGLVQPGGSLRLSCAASGFTFSSYWMSWVRQAPRKGLEWIGEINHSGSTNYNPSLKSRVTISRDNSKNTLYLQMNSLRAEDTATYYCAKASGYSIDAFDIWGQGTMVTVSS,GFTFSSYW,INHSGST,AKASGYSIDAFDI,EVQLVESGGGLVQPGGSLRLSCAAS,MSWVRQAPRKGLEWIGE,NYNPSLKSRVTISRDNSKNTLYLQMNSLRAEDTATYYC,WGQGTMVTVSS,119,8,7,13,25,17,38,11
72,L134,B,0,EVQLVESGGGLVQPGGSLRLSCAASGFTFSNAWMSWVRQAPGKGLEWMGIIYPGDSDTRYSPSFQGHVTISRDNSKNTLYLQMNSLRAEDTAIYYCARLRNVAGHYYYGMDVWGQGTTVTVSS ,GFTFSNAW,IYPGDSDT,ARLRNVAGHYYYGMDV,EVQLVESGGGLVQPGGSLRLSCAAS,MSWVRQAPGKGLEWMGI,RYSPSFQGHVTISRDNSKNTLYLQMNSLRAEDTAIYYC,WGQGTTVTVSS ,124,8,8,16,25,17,38,12
73,L136,A,1.5685,EVQLVESGGGLVQPGGSLRLSCAASGFTFSRYDMSWVRQAPGKALEWIGEINHSGSTNYNPSLKSRVTISRDNTKNTLYLQMNSLRAEDTALYYCARDRRRDYYDSSGFDYWGQGTLVTVSS,GFTFSRYD,INHSGST,ARDRRRDYYDSSGFDY,EVQLVESGGGLVQPGGSLRLSCAAS,MSWVRQAPGKALEWIGE,NYNPSLKSRVTISRDNTKNTLYLQMNSLRAEDTALYYC,WGQGTLVTVSS,122,8,7,16,25,17,38,11
74,L138,B,0,EVQLVESGGGLVQPGGSLRLSCAASGFTFSSYWTSWVRQAPGKALEWMGWINTSTGNPTYAQGFTGRFTISRDNSKNTLYLQMNSLRAEDTAVYYCSRRRGDCSSTSCYTGAFDIWGQGTMVTVSS ,GFTFSSYW,INTSTGNP,SRRRGDCSSTSCYTGAFDI,EVQLVESGGGLVQPGGSLRLSCAAS,TSWVRQAPGKALEWMGW,TYAQGFTGRFTISRDNSKNTLYLQMNSLRAEDTAVYYC,WGQGTMVTVSS,127,8,8,19,25,17,38,11
75,L141,B,0,EVQLVESGGGVVQPGRSLRLSCAASGFTFSDYAMSWVRQAPGKALEWIGRIYTSGSTNYNPSPRRVTISRDNSRNTLYLQMNSLRAEDTAVYYCARGVVPTNWGQGTLVTVSS,GFTFSDYA,IYTSGST,ARGVVPTN,EVQLVESGGGVVQPGRSLRLSCAAS,MSWVRQAPGKALEWIGR,NYNPSPRRVTISRDNSRNTLYLQMNSLRAEDTAVYYC,WGQGTLVTVSS,113,8,7,8,25,17,37,11
76,L142,B,0,EVQLVESGGGLVQPGGSLRLSCAASGFTFSSYGMSWVRQAPGKGLEWIGYIYYSGSTNYNPSLKSLVTISRDNSKNTLYLQMNSLRAEDTALYYCARDMYYYDSSLDAFDIWGQGTMVTVSS,GFTFSSYG,IYYSGST,ARDMYYYDSSLDAFDI,EVQLVESGGGLVQPGGSLRLSCAAS,MSWVRQAPGKGLEWIGY,NYNPSLKSLVTISRDNSKNTLYLQMNSLRAEDTALYYC,WGQGTMVTVSS,122,8,7,16,25,17,38,11
77,L143,B,0,EVQLVESGGGVVQPGRSLRLSCAASGFTFSSYGMSWVRQAPGQGLEWMGWINTNTGDPTYAQGFTGRFTISRDNSKNTLYLQMNSLRAEDTALYYCAKGGDYTIFGHMDVWGKGTTVTVSS,GFTFSSYG,INTNTGDP,AKGGDYTIFGHMDV,EVQLVESGGGVVQPGRSLRLSCAAS,MSWVRQAPGQGLEWMGW,TYAQGFTGRFTISRDNSKNTLYLQMNSLRAEDTALYYC,WGKGTTVTVSS,121,8,8,14,25,17,38,11
78,L147,B,0,EVQLVESGGGLVQPGGSLRLSCAASGFTFSSYSMSWVRQAPGQGLEWMGWINPNSGGTNYAQKFQERVTISRDNSKNTLYLQMNSLRAEDTAVYYCARANIDYRRADAFDIWGQGTMVTVSS ,GFTFSSYS,INPNSGGT,ARANIDYRRADAFDI,EVQLVESGGGLVQPGGSLRLSCAAS,MSWVRQAPGQGLEWMGW,NYAQKFQERVTISRDNSKNTLYLQMNSLRAEDTAVYYC,WGQGTMVTVSS,123,8,8,15,25,17,38,11
79,L148,B,0,EVQLVESGGGVVQPGRSLRLSCAASGFTFSSYAMSWVRQAPRQRLEWMGIIYPGDSDTRYSPSFQGHVTISRDNSKNTLYPQMNSLRAEDTALYYCAREMYYDSRGNWPDPWGQGTLVTVSS,GFTFSSYA,IYPGDSDT,AREMYYDSRGNWPDP,EVQLVESGGGVVQPGRSLRLSCAAS,MSWVRQAPRQRLEWMGI,RYSPSFQGHVTISRDNSKNTLYPQMNSLRAEDTALYYC,WGQGTLVTVSS,122,8,8,15,25,17,38,11
80,L149,B,0,EVQLVESGGGLVQPGGSLRLSCAASGFTFRSYCMSWVRQAPGKALEWVANIKQDGSEKYYVDSVKGRFTISRDNSKNTLYLQMNSLRAEDTAIYYCASGLGWFDPWGQGTLVTVSS,GFTFRSYC,IKQDGSEK,ASGLGWFDP,EVQLVESGGGLVQPGGSLRLSCAAS,MSWVRQAPGKALEWVAN,YYVDSVKGRFTISRDNSKNTLYLQMNSLRAEDTAIYYC,WGQGTLVTVSS,116,8,8,9,25,17,38,11
81,L150,B,0,EVQLVESGGGVVQPGRSLRLSCAASGFTFSDYYMSWVRQAPGKGLEWMGIIYPGDSDTRYSPSFQGQVTISRDNSKNTLYLQMNSLRAEDTAMYYCARDAFGTLDVWGQGTMVTVSS ,GFTFSDYY,IYPGDSDT,ARDAFGTLDV,EVQLVESGGGVVQPGRSLRLSCAAS,MSWVRQAPGKGLEWMGI,RYSPSFQGQVTISRDNSKNTLYLQMNSLRAEDTAMYYC,WGQGTMVTVSS,118,8,8,10,25,17,38,11
82,L151,B,0,EVQLVESGGGVVQPGGSLRLSCAASGFTFSSYAMSWVRQAPGKALEWMGIIYPGDSDTRYSPSFQGHVTISRDNSKNTLYLQMNSLGAEDTALYYCAKDTFDYYYCGMDVWGQGTTVTVSS,GFTFSSYA,IYPGDSDT,AKDTFDYYYCGMDV,EVQLVESGGGVVQPGGSLRLSCAAS,MSWVRQAPGKALEWMGI,RYSPSFQGHVTISRDNSKNTLYLQMNSLGAEDTALYYC,WGQGTTVTVSS ,121,8,8,14,25,17,38,11
83,L154,B,0,EVQLVESGGGLVQPGGSLRLSCAASGFTFSSYSMSWVRHAPRQGLEWVGEINHSGSTNYNPSLKSLVTISRDNSKNTLYLQMNSLRAEDTAMYYCARDRHTSYGTYYYYYGMDVWGQGTTVTVSS,GFTFSSYS,INHSGST,ARDRHTSYGTYYYYYGMDV,EVQLVESGGGLVQPGGSLRLSCAAS,MSWVRHAPRQGLEWVGE,NYNPSLKSLVTISRDNSKNTLYLQMNSLRAEDTAMYYC,WGQGTTVTVSS,125,8,7,19,25,17,38,11
84,L158,B,0,EVQLVESGGGVVQPGRSLRLSCAASGFTFSSYWMSWVRQAPWKALEWIGEISHSGSTNYNPSLKSLVTISRDNSKNTLYLQMNSLRAEDTAVYYCARGPYCSSLSCPYYMDVWGKGTTVTVSS ,GFTFSSYW,ISHSGST,ARGPYCSSLSCPYYMDV,EVQLVESGGGVVQPGRSLRLSCAAS,MSWVRQAPWKALEWIGE,NYNPSLKSLVTISRDNSKNTLYLQMNSLRAEDTAVYYC,WGKGTTVTVSS ,124,8,7,17,25,17,38,11
85,L160,B,0,EVQLVESGGGVVQPGRSLRLSCAASGFTFSNAWMSWVRQAPRQRLEWMGWINTSTGNPTYAQGFTGRFTISRDNSKNTLYLQMNSLRAEDTAVYYCARDEGDCGGDCYTFDIWGQGTMVTVSS ,GFTFSNAW,INTSTGNP,ARDEGDCGGDCYTFDI,EVQLVESGGGVVQPGRSLRLSCAAS,MSWVRQAPRQRLEWMGW,TYAQGFTGRFTISRDNSKNTLYLQMNSLRAEDTAVYYC,WGQGTMVTVSS,124,8,8,16,25,17,38,11
86,L168,A,1.1487,EVQLVESGGGLVQPGGSLRLSCAASGFTFSSYSMSWVRQAPRKGLEWIGEINHSGSTNYNPSLKSRVTISRDNSKNTLHLQMNSLRAEDTAIYYCARGSVTSFDYWGQGTLVTVSS,GFTFSSYS,INHSGST,ARGSVTSFDY,EVQLVESGGGLVQPGGSLRLSCAAS,MSWVRQAPRKGLEWIGE,NYNPSLKSRVTISRDNSKNTLHLQMNSLRAEDTAIYYC,WGQGTLVTVSS,116,8,7,10,25,17,38,11
87,L170,B,0,EVQLVESGGGLVQPGGSLRLSCAASGFTFGDYAMSWVRQAPRKGLEWIGYIYYSGSTYYNPSLKSLVTISRDNSKNTLYLQMNSLRAEDTAMYYCADGSIAVAGTGYWGQGTLVTVSS ,GFTFGDYA,IYYSGST,ADGSIAVAGTGY,EVQLVESGGGLVQPGGSLRLSCAAS,MSWVRQAPRKGLEWIGY,YYNPSLKSLVTISRDNSKNTLYLQMNSLRAEDTAMYYC,WGQGTLVTVSS,119,8,7,12,25,17,38,11
88,L171,B,0,EVQLVESGGGLVQPGGSLRLSCAASGFTFSSYAMSWVRQAPRQGLEWMGWISAYNGNTNYAQKFQGRVTISRDNTKNTLYLQMNSLRAEDTAVYYCAKYYGDYPYYYYYMDLWGQGTLVTVSS,GFTFSSYA,ISAYNGNT,AKYYGDYPYYYYYMDL,EVQLVESGGGLVQPGGSLRLSCAAS,MSWVRQAPRQGLEWMGW,YAQKFQGRVTISRDNTKNTLYLQMNSLRAEDTAVYYC,WGQGTLVTVSS,123,8,8,16,25,17,37,11
89,L174,B,0,EVQLVESGGGLVQPGGSLRLPCAASGFTVSSNYMSWVRQAPGKALEWIGEINHSGSTNYNPSLKSRVTISRDNSKNTLYLQMNSLRAEDTAMYYCASHDYGDYSSFDYWGHGTLVTVSS,GFTVSSNY,INHSGST,ASHDYGDYSSFDY,EVQLVESGGGLVQPGGSLRLPCAAS,MSWVRQAPGKALEWIGE,NYNPSLKSRVTISRDNSKNTLYLQMNSLRAEDTAMYYC,WGHGTLVTVSS,119,8,7,13,25,17,38,11
90,L175,B,0,EVQLVESGGGLVQPGGSLRLSCAASGFTFSSYSMSWVRQAPWKALEWMGWINTNTVNPTYAQGFTGRFTISRDNSKNTLYLQMNSLRAEDAAMYYCARQGYGSGSSFDYWGQGTLVTVSS ,GFTFSSYS,INTNTVNP,ARQGYGSGSSFDY,EVQLVESGGGLVQPGGSLRLSCAAS,MSWVRQAPWKALEWMGW,TYAQGFTGRFTISRDNSKNTLYLQMNSLRAEDAAMYYC,WGQGTLVTVSS,121,8,8,13,25,17,38,11
91,L177,B,0,EVQLVESGGGLVQPGGSLRLSCAASGFTFSSYWMSWVRQAPGKGLEWMGWINTDTGKPSYAQGFTGRFTISRDNSKNTLYLQMNSLRAEDTAVYYCARAMGSSWNHGMDVWGQGTTVTVSS ,GFTFSSYW,INTDTGKP,ARAMGSSWNHGMDV,EVQLVESGGGLVQPGGSLRLSCAAS,MSWVRQAPGKGLEWMGW,SYAQGFTGRFTISRDNSKNTLYLQMNSLRAEDTAVYYC,WGQGTTVTVSS,122,8,8,14,25,17,38,11
92,CB6,A,1.1977,EVQLVESGGGLVQPGGSLRLSCAASGFSFSDHYMSWVRQAPGKGLEWMGWINTNTGNPTYAQGFTGRFTISRDNSKNTLYLQMNSLRAEDTALYYCAREGRQGDFDLWGRGTLVTVSS ,GFSFSDHY,INTNTGNP,AREGRQGDFDL,EVQLVESGGGLVQPGGSLRLSCAAS,MSWVRQAPGKGLEWMGW,TYAQGFTGRFTISRDNSKNTLYLQMNSLRAEDTALYYC,WGRGTLVTVSS,119,8,8,11,25,17,38,11
93,CD7,A,2.0502,EVQLVESGGGLVQPGGSLRLSCAASGFTFSDAWMSWVRQAPGQRLEWLGWINTNTGNPTYAQGFTGRFTISRDNSKNTLYLQMNSLRAEDTAVYYCTTDEGHWGQGTLVTGSS,GFTFSDAW,INTNTGNP,TTDEGH,EVQLVESGGGLVQPGGSLRLSCAAS,MSWVRQAPGQRLEWLGW,TYAQGFTGRFTISRDNSKNTLYLQMNSLRAEDTAVYYC,WGQGTLVTGSS,113,8,8,6,25,17,38,11
94,CE7,A,0.9919,EVQLVESGGGVVQPGRSLRLSCAASGFTFSDYYMSWVRQAPGKALEWIGWINTNTGNPAYAQGFTGRFTISRDNSKNTLYLQMNSLRAEDTAVYYCTTDLGIYGMDVWGQGTTVTVSS,GFTFSDYY,INTNTGNP,TTDLGIYGMDV,EVQLVESGGGVVQPGRSLRLSCAAS,MSWVRQAPGKALEWIGW,AYAQGFTGRFTISRDNSKNTLYLQMNSLRAEDTAVYYC,WGQGTTVTVSS,118,8,8,11,25,17,38,11
95,CE8,A,1.617,EVQLVESGGGLVQPGGSLRLSCAASGFTFSDYYMSWVRQAPGKALEWMGWINTNTGNPTYAQGFTGRFTISRDNSKNTLYLQMNSLRAEDTAMYYCATDRGHWGQGTLVTVSS,GFTFSDYY,INTNTGNP,ATDRGH,EVQLVESGGGLVQPGGSLRLSCAAS,MSWVRQAPGKALEWMGW,TYAQGFTGRFTISRDNSKNTLYLQMNSLRAEDTAMYYC,WGQGTLVTVSS,113,8,8,6,25,17,38,11
96,CE10,A,0.0515,EVQLVESGGGLVQPGGSLRLSCAASGFTFSNTWMSWVRQAPGKALEWMGWINTNTGNPTYAQGFTGRFTISRDNSKNTLYLQMNSLRAEDTAIYYCTTDPEYGMDVWGQGTTVTVSS,GFTFSNTW,INTNTGNP,TTDPEYGMDV,EVQLVESGGGLVQPGGSLRLSCAAS,MSWVRQAPGKALEWMGW,TYAQGFTGRFTISRDNSKNTLYLQMNSLRAEDTAIYYC,WGQGTTVTVSS,117,8,8,10,25,17,38,11
97,3B2,A,0.2135,EVQLVESGGGLVQPGGSLRLSCAASGFTFSDYYMSWVRQAPGKALEWMGWINTNTGNPTYAQGFTGRFTISRDNSKNTLYLQMNSLRAEDTATYYCTTGGSISSSHDGMDVWGQGTTVTVSS,GFTFSDYY,INTNTGNP,TTGGSISSSHDGMDV,EVQLVESGGGLVQPGGSLRLSCAAS,MSWVRQAPGKALEWMGW,TYAQGFTGRFTISRDNSKNTLYLQMNSLRAEDTATYYC,WGQGTTVTVSS,122,8,8,15,25,17,38,11
98,3B7,A,0.153,EVQLVESGGGLVQPGGSLRLSCAASGFTFSNDWMSWVRQAPGQGLEWMGWINTNTGKPTYAQGFTGRFTISRDNSKNTLYLQMNSLRAEDTAVYYCIRDGYNQREPYGMDVWGQGTTVTVSS,GFTFSNDW,INTNTGKP,IRDGYNQREPYGMDV,EVQLVESGGGLVQPGGSLRLSCAAS,MSWVRQAPGQGLEWMGW,TYAQGFTGRFTISRDNSKNTLYLQMNSLRAEDTAVYYC,WGQGTTVTVSS,122,8,8,15,25,17,38,11
99,3B11,A,0.5193,EVQLVESGGGLVQPGGSLRLSCAASGFTFSHAWMSWVRQAPGQRLEWLGWINTNTGNPTYAQGFTGRFTISRDNSKNTLYLQMNSLRAEDTAVYYCTTDEGHWGQGTLVTVSS,GFTFSHAW,INTNTGNP,TTDEGH,EVQLVESGGGLVQPGGSLRLSCAAS,MSWVRQAPGQRLEWLGW,TYAQGFTGRFTISRDNSKNTLYLQMNSLRAEDTAVYYC,WGQGTLVTVSS,113,8,8,6,25,17,38,11
100,4B1,A,0.4437,EVQLVESGGGVVQPGRSLRLSCAASGFTFSDHYMSWVRQAPGQRLEWMGWINTNTGNPTYAQGFTGRFTISRDNSKNTLYLQMNSLRAEDTAVYYCATDFNVWGPGTLVTVSS,GFTFSDHY,INTNTGNP,ATDFNV,EVQLVESGGGVVQPGRSLRLSCAAS,MSWVRQAPGQRLEWMGW,TYAQGFTGRFTISRDNSKNTLYLQMNSLRAEDTAVYYC,WGPGTLVTVSS,113,8,8,6,25,17,38,11
101,HSA_3,A,0.0625,EVQLVESGGGLVQPGGSLRLSCAASGFTFSSYAMSWVRQAPGKALEWIGSIYYSGSTYYNPSLKSLVTISRDNSKNTLYLQMNSLRAEDTAVYYCAKGALGGNPRRGAFDIWGQGTMVTVSS ,GFTFSSYA,IYYSGST,AKGALGGNPRRGAFDI,EVQLVESGGGLVQPGGSLRLSCAAS,MSWVRQAPGKALEWIGS,YYNPSLKSLVTISRDNSKNTLYLQMNSLRAEDTAVYYC,WGQGTMVTVSS,123,8,7,16,25,17,38,11
102,HSA_4,A,0.554,EVQLVESGGGLVQPGGSLRLSCAASGFTFSSYSMSWVRQAPGKGLEWIGYISYSGSTNYNPSLKSRVTISRDNTKNTLYLQMNSLRAEDTAMYYCAKGRLGTTVTRGAFDIWGQGTMVTVSS,GFTFSSYS,ISYSGST,AKGRLGTTVTRGAFDI,EVQLVESGGGLVQPGGSLRLSCAAS,MSWVRQAPGKGLEWIGY,NYNPSLKSRVTISRDNTKNTLYLQMNSLRAEDTAMYYC,WGQGTMVTVSS,122,8,7,16,25,17,38,11
103,HSA_5,A,1.0024,EVQLVESGGGLVQPGGSLRLSCAASGFTFSSYAMSWVRQAPGKGLEWISAISGSGGSTYYADSVKGRFTISRDNSKNTLYLQMNSLRAEDTAVYYCAKRGGELYYYYMDVWGKGTTVTVSS,GFTFSSYA,ISGSGGST,AKRGGELYYYYMDV,EVQLVESGGGLVQPGGSLRLSCAAS,MSWVRQAPGKGLEWISA,YYADSVKGRFTISRDNSKNTLYLQMNSLRAEDTAVYYC,WGKGTTVTVSS,121,8,8,14,25,17,38,11
104,TfR_1,A,0.0065,EVQLVESGGGLVQPGGSLRLSCAASAFSFDSYEMSWVRQAPGQRLEWVAVISHDGSYEVYADSVKGRFTISRDNSKNTLYLQMNSLRAEDTAVYYCTTDTWDYGDLDYWGQGTLVTVSS,AFSFDSYE,ISHDGSYE,TTDTWDYGDLDY,EVQLVESGGGLVQPGGSLRLSCAAS,MSWVRQAPGQRLEWVAV,VYADSVKGRFTISRDNSKNTLYLQMNSLRAEDTAVYYC,WGQGTLVTVSS,119,8,8,12,25,17,38,11
105,TfR_2,B,0,EVRLVESGGGLVQPGGSLRLSCAASGFTFSSYEMSWVRQAPGQRLEWVGWINPNSGDTNYAQKFQGRVTISRDNSKNTLYLQMNSLRAEDTAVYYCTTDTWDYGDLDYWGQGTLVTVSS,GFTFSSYE,INPNSGDT,TTDTWDYGDLDY,EVRLVESGGGLVQPGGSLRLSCAAS,MSWVRQAPGQRLEWVGW,NYAQKFQGRVTISRDNSKNTLYLQMNSLRAEDTAVYYC,WGQGTLVTVSS,119,8,8,12,25,17,38,11